epoch,time,train/box_loss,train/cls_loss,train/dfl_loss,train/kpt_loss,train/shape_loss,metrics/precision(B),metrics/recall(B),metrics/mAP50(B),metrics/mAP50-95(B),val/box_loss,val/cls_loss,val/dfl_loss,val/kpt_loss,val/shape_loss,lr/pg0,lr/pg1,lr/pg2,lr/pg3,lr/pg4,lr/pg5,lr/pg6,lr/pg7
1,62.1559,1.89352,1.9981,1.44845,0,0,0.75359,0.61595,0.6847,0.38255,1.55585,1.16663,1.25865,0,0,0.00993711,0.00331237,0.00993711,0.00331237,0.00993711,0.00331237,0.00993711,0.00331237
2,118.598,1.54587,0.79901,1.22781,0,0,0.79573,0.64912,0.72363,0.42919,1.40131,0.82146,1.15218,0,0,0.0199152,0.00663839,0.0199152,0.00663839,0.0199152,0.00663839,0.0199152,0.00663839
3,151.564,1.53928,0.74873,1.19792,0,0,0.79846,0.65814,0.73537,0.44949,1.3965,0.77272,1.14926,0,0,0.0298712,0.00995708,0.0298712,0.00995708,0.0298712,0.00995708,0.0298712,0.00995708
4,184.321,1.50904,0.7082,1.18474,0,0,0.80938,0.60615,0.68916,0.42409,1.43338,0.79641,1.17892,0,0,0.029901,0.009967,0.029901,0.009967,0.029901,0.009967,0.029901,0.009967
5,217.614,1.44093,0.66002,1.15778,0,0,0.83262,0.65208,0.74188,0.46826,1.33846,0.69061,1.12574,0,0,0.029868,0.009956,0.029868,0.009956,0.029868,0.009956,0.029868,0.009956
6,248.684,1.38302,0.62708,1.1389,0,0,0.83637,0.69592,0.77502,0.48898,1.32903,0.68552,1.13382,0,0,0.029835,0.009945,0.029835,0.009945,0.029835,0.009945,0.029835,0.009945
7,279.036,1.36735,0.61114,1.13129,0,0,0.84947,0.65877,0.74306,0.47796,1.30009,0.66758,1.1218,0,0,0.029802,0.009934,0.029802,0.009934,0.029802,0.009934,0.029802,0.009934
8,306.244,1.33306,0.5922,1.12036,0,0,0.85416,0.67626,0.75987,0.49353,1.26568,0.63835,1.10945,0,0,0.029769,0.009923,0.029769,0.009923,0.029769,0.009923,0.029769,0.009923
9,332.523,1.31532,0.58296,1.11586,0,0,0.86318,0.67412,0.76231,0.48929,1.2885,0.6288,1.10569,0,0,0.029736,0.009912,0.029736,0.009912,0.029736,0.009912,0.029736,0.009912
10,358.391,1.2993,0.57036,1.10696,0,0,0.8557,0.69605,0.78024,0.52056,1.21059,0.60571,1.08708,0,0,0.029703,0.009901,0.029703,0.009901,0.029703,0.009901,0.029703,0.009901
11,383.087,1.28434,0.56095,1.10243,0,0,0.85702,0.66533,0.75286,0.48727,1.28714,0.63542,1.11407,0,0,0.02967,0.00989,0.02967,0.00989,0.02967,0.00989,0.02967,0.00989
12,409.242,1.26914,0.55113,1.09749,0.00323,0.00018,0.86231,0.70236,0.7857,0.51588,1.25021,0.61456,1.10513,0,0,0.029637,0.009879,0.029637,0.009879,0.029637,0.009879,0.029637,0.009879
13,435.281,1.25498,0.54444,1.09104,0.00398,0.00024,0.87567,0.68508,0.77104,0.51063,1.22115,0.61496,1.09848,0,0,0.029604,0.009868,0.029604,0.009868,0.029604,0.009868,0.029604,0.009868
14,461.397,1.24184,0.54055,1.08668,0.00492,0.00028,0.84831,0.68351,0.7554,0.49081,1.27983,0.62274,1.09878,0,0,0.029571,0.009857,0.029571,0.009857,0.029571,0.009857,0.029571,0.009857
15,487.385,1.23124,0.53194,1.08608,0.00586,0.0003,0.85975,0.69807,0.78771,0.52529,1.19912,0.59994,1.08333,0,0,0.029538,0.009846,0.029538,0.009846,0.029538,0.009846,0.029538,0.009846
16,512.908,1.22599,0.52979,1.08337,0.00681,0.00033,0.84685,0.6896,0.76795,0.50186,1.24642,0.61548,1.09004,0,0,0.029505,0.009835,0.029505,0.009835,0.029505,0.009835,0.029505,0.009835
17,539.315,1.22378,0.52508,1.07878,0.00779,0.00036,0.85962,0.68627,0.77113,0.51776,1.19237,0.58589,1.07893,0,0,0.029472,0.009824,0.029472,0.009824,0.029472,0.009824,0.029472,0.009824
18,565.072,1.21304,0.51997,1.07756,0.00869,0.00039,0.85593,0.72022,0.79546,0.52854,1.20918,0.57898,1.08192,0,0,0.029439,0.009813,0.029439,0.009813,0.029439,0.009813,0.029439,0.009813
19,591.487,1.20109,0.51239,1.07394,0.00955,0.00041,0.83407,0.67045,0.75513,0.49427,1.27983,0.63569,1.10392,0,0,0.029406,0.009802,0.029406,0.009802,0.029406,0.009802,0.029406,0.009802
20,617.282,1.19855,0.51054,1.0718,0.01037,0.00043,0.85747,0.70894,0.78405,0.52943,1.17906,0.57927,1.06788,0,0,0.029373,0.009791,0.029373,0.009791,0.029373,0.009791,0.029373,0.009791
21,643.572,1.19612,0.50958,1.07053,0.01123,0.00045,0.83716,0.6687,0.74143,0.50092,1.20295,0.60327,1.08607,0,0,0.02934,0.00978,0.02934,0.00978,0.02934,0.00978,0.02934,0.00978
22,669.538,1.18926,0.50467,1.06814,0.01212,0.00047,0.88682,0.67751,0.77079,0.51802,1.20348,0.59551,1.08138,0,0,0.029307,0.009769,0.029307,0.009769,0.029307,0.009769,0.029307,0.009769
23,695.145,1.17895,0.50087,1.06568,0.01286,0.00049,0.8441,0.67267,0.75299,0.50792,1.20732,0.61878,1.0882,0,0,0.029274,0.009758,0.029274,0.009758,0.029274,0.009758,0.029274,0.009758
24,721.151,1.17514,0.49793,1.06229,0.01371,0.00051,0.85619,0.71695,0.79001,0.51943,1.22056,0.57854,1.07774,0,0,0.029241,0.009747,0.029241,0.009747,0.029241,0.009747,0.029241,0.009747
25,746.778,1.1677,0.4942,1.06023,0.0146,0.00054,0.86586,0.69624,0.77813,0.50863,1.24345,0.58914,1.08638,0,0,0.029208,0.009736,0.029208,0.009736,0.029208,0.009736,0.029208,0.009736
26,772.51,1.17151,0.49324,1.06086,0.01546,0.00056,0.87055,0.70181,0.78643,0.53075,1.17739,0.57147,1.07104,0,0,0.029175,0.009725,0.029175,0.009725,0.029175,0.009725,0.029175,0.009725
27,798.214,1.16057,0.48999,1.05773,0.0162,0.00059,0.87159,0.69366,0.77889,0.52599,1.16995,0.57415,1.06754,0,0,0.029142,0.009714,0.029142,0.009714,0.029142,0.009714,0.029142,0.009714
28,824.404,1.16055,0.4869,1.05588,0.01706,0.00061,0.85258,0.72028,0.79013,0.5309,1.18418,0.5827,1.07751,0,0,0.029109,0.009703,0.029109,0.009703,0.029109,0.009703,0.029109,0.009703
29,850.702,1.15245,0.48507,1.05308,0.01785,0.00063,0.85865,0.71369,0.79264,0.538,1.16314,0.56941,1.06963,0,0,0.029076,0.009692,0.029076,0.009692,0.029076,0.009692,0.029076,0.009692
30,876.94,1.14723,0.48173,1.0538,0.01866,0.00065,0.88364,0.6954,0.7787,0.52744,1.18497,0.55901,1.0751,0,0,0.029043,0.009681,0.029043,0.009681,0.029043,0.009681,0.029043,0.009681
31,903.316,1.14347,0.47963,1.05123,0.01944,0.00067,0.88214,0.69497,0.7812,0.52516,1.18812,0.57,1.07861,0,0,0.02901,0.00967,0.02901,0.00967,0.02901,0.00967,0.02901,0.00967
32,929.102,1.1381,0.4774,1.05228,0.02013,0.00069,0.87512,0.68592,0.77395,0.5247,1.18836,0.57413,1.06825,0,0,0.028977,0.009659,0.028977,0.009659,0.028977,0.009659,0.028977,0.009659
33,955.214,1.13523,0.4774,1.05039,0.02097,0.00071,0.88251,0.69956,0.78052,0.53738,1.13903,0.5497,1.06304,0,0,0.028944,0.009648,0.028944,0.009648,0.028944,0.009648,0.028944,0.009648
34,981.055,1.13679,0.47616,1.04993,0.02186,0.00073,0.8733,0.70306,0.78082,0.53656,1.15271,0.55873,1.06252,0,0,0.028911,0.009637,0.028911,0.009637,0.028911,0.009637,0.028911,0.009637
35,1007.13,1.12716,0.47219,1.0471,0.02258,0.00075,0.84802,0.70312,0.77367,0.53302,1.14837,0.5689,1.06207,0,0,0.028878,0.009626,0.028878,0.009626,0.028878,0.009626,0.028878,0.009626
36,1032.91,1.1246,0.47072,1.04778,0.02333,0.00076,0.84183,0.70274,0.77547,0.53038,1.15701,0.56519,1.06126,0,0,0.028845,0.009615,0.028845,0.009615,0.028845,0.009615,0.028845,0.009615
37,1058.56,1.12214,0.46958,1.04641,0.02388,0.00078,0.86757,0.70772,0.78628,0.53284,1.19337,0.57858,1.07841,0,0,0.028812,0.009604,0.028812,0.009604,0.028812,0.009604,0.028812,0.009604
38,1084.53,1.11809,0.46804,1.04317,0.02479,0.0008,0.86975,0.70155,0.78479,0.52921,1.19363,0.57753,1.0746,0,0,0.028779,0.009593,0.028779,0.009593,0.028779,0.009593,0.028779,0.009593
39,1110.63,1.11759,0.46522,1.04324,0.02557,0.00081,0.86895,0.70386,0.78051,0.53444,1.1534,0.5478,1.06121,0,0,0.028746,0.009582,0.028746,0.009582,0.028746,0.009582,0.028746,0.009582
40,1136.3,1.11076,0.46313,1.04177,0.02622,0.00082,0.87319,0.70865,0.78888,0.53139,1.17025,0.56292,1.06472,0,0,0.028713,0.009571,0.028713,0.009571,0.028713,0.009571,0.028713,0.009571
41,1162.27,1.11521,0.46383,1.04227,0.0269,0.00083,0.87546,0.72069,0.80538,0.54566,1.16695,0.558,1.06769,0,0,0.02868,0.00956,0.02868,0.00956,0.02868,0.00956,0.02868,0.00956
42,1187.85,1.10461,0.46115,1.03914,0.02651,0.00081,0.85905,0.70738,0.78791,0.53946,1.15536,0.56203,1.06605,0,0,0.028647,0.009549,0.028647,0.009549,0.028647,0.009549,0.028647,0.009549
43,1213.84,1.10835,0.46123,1.04045,0.02638,0.0008,0.89051,0.71879,0.79576,0.54322,1.15075,0.53784,1.06081,0,0,0.028614,0.009538,0.028614,0.009538,0.028614,0.009538,0.028614,0.009538
44,1239.37,1.10832,0.46003,1.04037,0.02606,0.00078,0.87602,0.70578,0.78375,0.53962,1.13848,0.55268,1.05509,0,0,0.028581,0.009527,0.028581,0.009527,0.028581,0.009527,0.028581,0.009527
45,1265.22,1.0991,0.45711,1.03968,0.02568,0.00075,0.8767,0.72305,0.80163,0.54829,1.14291,0.53983,1.06059,0,0,0.028548,0.009516,0.028548,0.009516,0.028548,0.009516,0.028548,0.009516
46,1291.14,1.10048,0.45624,1.03748,0.02552,0.00075,0.87086,0.7209,0.79607,0.54565,1.1429,0.53887,1.0534,0,0,0.028515,0.009505,0.028515,0.009505,0.028515,0.009505,0.028515,0.009505
47,1317.31,1.09506,0.45603,1.03773,0.02532,0.00073,0.86404,0.70198,0.78031,0.53253,1.16708,0.56176,1.06391,0,0,0.028482,0.009494,0.028482,0.009494,0.028482,0.009494,0.028482,0.009494
48,1343.06,1.09084,0.45305,1.03444,0.02519,0.00072,0.86502,0.71613,0.79042,0.54061,1.14573,0.54585,1.05872,0,0,0.028449,0.009483,0.028449,0.009483,0.028449,0.009483,0.028449,0.009483
49,1369.03,1.09323,0.45367,1.03699,0.02498,0.0007,0.87996,0.72843,0.8061,0.54733,1.15479,0.53993,1.05993,0,0,0.028416,0.009472,0.028416,0.009472,0.028416,0.009472,0.028416,0.009472
50,1394.74,1.09716,0.45419,1.03426,0.02482,0.00071,0.88454,0.70576,0.79162,0.53981,1.14382,0.54769,1.05633,0,0,0.028383,0.009461,0.028383,0.009461,0.028383,0.009461,0.028383,0.009461
51,1420.41,1.08888,0.45099,1.03488,0.02483,0.00069,0.87184,0.71074,0.79073,0.54241,1.14542,0.54367,1.05834,0,0,0.02835,0.00945,0.02835,0.00945,0.02835,0.00945,0.02835,0.00945
52,1446.07,1.08881,0.452,1.03448,0.02467,0.00069,0.86076,0.68548,0.76383,0.52292,1.1679,0.55625,1.06676,0,0,0.028317,0.009439,0.028317,0.009439,0.028317,0.009439,0.028317,0.009439
53,1472.2,1.0848,0.44947,1.03254,0.02443,0.00067,0.88349,0.72799,0.80692,0.55512,1.13172,0.52534,1.05655,0,0,0.028284,0.009428,0.028284,0.009428,0.028284,0.009428,0.028284,0.009428
54,1497.96,1.07936,0.44831,1.03021,0.0244,0.00066,0.88403,0.71848,0.79491,0.54525,1.14175,0.53459,1.05886,0,0,0.028251,0.009417,0.028251,0.009417,0.028251,0.009417,0.028251,0.009417
55,1523.57,1.07918,0.44771,1.03247,0.02412,0.00065,0.87738,0.69754,0.77898,0.53834,1.13022,0.54862,1.05276,0,0,0.028218,0.009406,0.028218,0.009406,0.028218,0.009406,0.028218,0.009406
56,1549.3,1.07586,0.44573,1.03015,0.02389,0.00064,0.87036,0.70023,0.78219,0.53669,1.14833,0.54801,1.05656,0,0,0.028185,0.009395,0.028185,0.009395,0.028185,0.009395,0.028185,0.009395
57,1575.06,1.07687,0.44505,1.02988,0.02378,0.00064,0.8803,0.72419,0.80059,0.54726,1.15448,0.5368,1.05872,0,0,0.028152,0.009384,0.028152,0.009384,0.028152,0.009384,0.028152,0.009384
58,1600.92,1.0734,0.44416,1.03033,0.02373,0.00063,0.87523,0.72341,0.80419,0.54901,1.14651,0.53286,1.05845,0,0,0.028119,0.009373,0.028119,0.009373,0.028119,0.009373,0.028119,0.009373
59,1626.59,1.0714,0.44333,1.0294,0.02352,0.00062,0.88294,0.72492,0.80502,0.54834,1.14528,0.53007,1.06081,0,0,0.028086,0.009362,0.028086,0.009362,0.028086,0.009362,0.028086,0.009362
60,1652.49,1.07142,0.44123,1.02879,0.02356,0.00061,0.87121,0.73063,0.80335,0.54693,1.15382,0.53726,1.05807,0,0,0.028053,0.009351,0.028053,0.009351,0.028053,0.009351,0.028053,0.009351
61,1678.51,1.07256,0.44236,1.02946,0.02346,0.00061,0.88395,0.71654,0.79644,0.55132,1.11656,0.51885,1.05308,0,0,0.02802,0.00934,0.02802,0.00934,0.02802,0.00934,0.02802,0.00934
62,1704.28,1.06732,0.44169,1.02871,0.02309,0.0006,0.87656,0.73652,0.80995,0.55474,1.1421,0.52729,1.05509,0,0,0.027987,0.009329,0.027987,0.009329,0.027987,0.009329,0.027987,0.009329
63,1729.93,1.06421,0.43972,1.0265,0.02316,0.00059,0.88082,0.69488,0.77632,0.54064,1.11983,0.54005,1.05338,0,0,0.027954,0.009318,0.027954,0.009318,0.027954,0.009318,0.027954,0.009318
64,1755.6,1.06612,0.43991,1.02627,0.0231,0.00059,0.86668,0.71935,0.79474,0.54217,1.14753,0.53867,1.05683,0,0,0.027921,0.009307,0.027921,0.009307,0.027921,0.009307,0.027921,0.009307
65,1781.63,1.06104,0.43836,1.02527,0.02301,0.00058,0.88062,0.70307,0.77667,0.53533,1.13178,0.53466,1.05244,0,0,0.027888,0.009296,0.027888,0.009296,0.027888,0.009296,0.027888,0.009296
66,1807.16,1.06118,0.43702,1.02421,0.02267,0.00057,0.87826,0.7295,0.80279,0.553,1.12525,0.51669,1.05169,0,0,0.027855,0.009285,0.027855,0.009285,0.027855,0.009285,0.027855,0.009285
67,1833.18,1.0613,0.43662,1.02598,0.02258,0.00057,0.88731,0.72857,0.80833,0.55012,1.16065,0.53839,1.06318,0,0,0.027822,0.009274,0.027822,0.009274,0.027822,0.009274,0.027822,0.009274
68,1858.96,1.05472,0.43553,1.0245,0.02254,0.00056,0.88606,0.72724,0.80771,0.55664,1.12678,0.52155,1.04909,0,0,0.027789,0.009263,0.027789,0.009263,0.027789,0.009263,0.027789,0.009263
69,1884.59,1.0559,0.43538,1.02336,0.02247,0.00056,0.876,0.72124,0.79951,0.55119,1.13388,0.52762,1.05262,0,0,0.027756,0.009252,0.027756,0.009252,0.027756,0.009252,0.027756,0.009252
70,1910.13,1.04826,0.43281,1.02242,0.02223,0.00055,0.86841,0.73199,0.80076,0.55306,1.12122,0.52223,1.04898,0,0,0.027723,0.009241,0.027723,0.009241,0.027723,0.009241,0.027723,0.009241
71,1936.12,1.05418,0.43441,1.02229,0.02226,0.00055,0.86946,0.71071,0.78649,0.54498,1.125,0.53308,1.04875,0,0,0.02769,0.00923,0.02769,0.00923,0.02769,0.00923,0.02769,0.00923
72,1961.76,1.05175,0.4339,1.02348,0.02202,0.00054,0.88731,0.73037,0.80729,0.55881,1.11473,0.51685,1.04572,0,0,0.027657,0.009219,0.027657,0.009219,0.027657,0.009219,0.027657,0.009219
73,1987.52,1.05458,0.43391,1.02294,0.02207,0.00053,0.88508,0.73429,0.81229,0.55589,1.14397,0.51907,1.05375,0,0,0.027624,0.009208,0.027624,0.009208,0.027624,0.009208,0.027624,0.009208
74,2013.39,1.05176,0.43282,1.02225,0.02194,0.00053,0.88422,0.73107,0.80853,0.55894,1.11599,0.51804,1.04781,0,0,0.027591,0.009197,0.027591,0.009197,0.027591,0.009197,0.027591,0.009197
75,2039.74,1.05056,0.43259,1.023,0.02172,0.00052,0.88364,0.72553,0.80188,0.55412,1.1201,0.5209,1.04955,0,0,0.027558,0.009186,0.027558,0.009186,0.027558,0.009186,0.027558,0.009186
76,2065.33,1.0487,0.43267,1.0216,0.02152,0.00051,0.87837,0.72431,0.80034,0.54729,1.14844,0.53397,1.05409,0,0,0.027525,0.009175,0.027525,0.009175,0.027525,0.009175,0.027525,0.009175
77,2091.51,1.04668,0.43148,1.02204,0.02141,0.00051,0.87294,0.71773,0.79674,0.54585,1.15535,0.54161,1.05864,0,0,0.027492,0.009164,0.027492,0.009164,0.027492,0.009164,0.027492,0.009164
78,2117.33,1.04504,0.43086,1.02047,0.02126,0.0005,0.87805,0.71155,0.79179,0.54724,1.12723,0.53632,1.04997,0,0,0.027459,0.009153,0.027459,0.009153,0.027459,0.009153,0.027459,0.009153
79,2143.11,1.04401,0.42993,1.0196,0.02131,0.00049,0.8842,0.69491,0.78492,0.54419,1.12384,0.54606,1.04835,0,0,0.027426,0.009142,0.027426,0.009142,0.027426,0.009142,0.027426,0.009142
80,2168.71,1.04277,0.42972,1.01998,0.02092,0.00049,0.87369,0.72601,0.80522,0.55544,1.12586,0.52645,1.04948,0,0,0.027393,0.009131,0.027393,0.009131,0.027393,0.009131,0.027393,0.009131
81,2194.67,1.03861,0.4287,1.0196,0.02083,0.00048,0.87354,0.707,0.78733,0.54177,1.13783,0.53857,1.0553,0,0,0.02736,0.00912,0.02736,0.00912,0.02736,0.00912,0.02736,0.00912
82,2220.55,1.0375,0.42674,1.01859,0.02092,0.00047,0.8781,0.72677,0.80382,0.55192,1.13898,0.52864,1.05515,0,0,0.027327,0.009109,0.027327,0.009109,0.027327,0.009109,0.027327,0.009109
83,2246.44,1.04014,0.42686,1.01851,0.02064,0.00046,0.88219,0.7317,0.81039,0.55508,1.13539,0.52509,1.05236,0,0,0.027294,0.009098,0.027294,0.009098,0.027294,0.009098,0.027294,0.009098
84,2272.25,1.03888,0.42767,1.01907,0.0205,0.00045,0.87465,0.72199,0.7971,0.55199,1.12657,0.5292,1.04811,0,0,0.027261,0.009087,0.027261,0.009087,0.027261,0.009087,0.027261,0.009087
85,2298.23,1.03878,0.42682,1.01853,0.02045,0.00044,0.88143,0.71799,0.79806,0.54971,1.13183,0.53587,1.05115,0,0,0.027228,0.009076,0.027228,0.009076,0.027228,0.009076,0.027228,0.009076
86,2324.41,1.03196,0.42619,1.0179,0.02022,0.00043,0.88241,0.72284,0.80166,0.55419,1.12356,0.52854,1.04615,0,0,0.027195,0.009065,0.027195,0.009065,0.027195,0.009065,0.027195,0.009065
87,2350.23,1.03625,0.42583,1.01663,0.02017,0.00042,0.88054,0.73376,0.80801,0.55723,1.1185,0.51971,1.04576,0,0,0.027162,0.009054,0.027162,0.009054,0.027162,0.009054,0.027162,0.009054
88,2375.79,1.0337,0.42419,1.01708,0.01984,0.00041,0.88256,0.72802,0.80423,0.55593,1.1243,0.52811,1.04823,0,0,0.027129,0.009043,0.027129,0.009043,0.027129,0.009043,0.027129,0.009043
89,2402.05,1.03293,0.42437,1.01632,0.01968,0.0004,0.89052,0.72938,0.80952,0.56062,1.11131,0.51721,1.04374,0,0,0.027096,0.009032,0.027096,0.009032,0.027096,0.009032,0.027096,0.009032
90,2427.68,1.02967,0.42387,1.0161,0.01933,0.00038,0.89339,0.7275,0.80658,0.55701,1.12114,0.521,1.04818,0,0,0.027063,0.009021,0.027063,0.009021,0.027063,0.009021,0.027063,0.009021
91,2453.22,1.02997,0.42359,1.01712,0.01919,0.00036,0.8891,0.7141,0.80045,0.55233,1.13016,0.52424,1.05003,0,0,0.02703,0.00901,0.02703,0.00901,0.02703,0.00901,0.02703,0.00901
92,2479.06,1.02693,0.42087,1.0148,0.01889,0.00033,0.89213,0.72089,0.80223,0.55791,1.11001,0.52034,1.04518,0,0,0.026997,0.008999,0.026997,0.008999,0.026997,0.008999,0.026997,0.008999
93,2504.9,1.03099,0.42153,1.01431,0.01833,0.00028,0.88326,0.72769,0.80673,0.55591,1.13308,0.52509,1.05083,0,0,0.026964,0.008988,0.026964,0.008988,0.026964,0.008988,0.026964,0.008988
94,2531.04,1.02878,0.42218,1.01682,0.01799,0.00021,0.88436,0.73281,0.81173,0.561,1.11272,0.51464,1.04337,0,0,0.026931,0.008977,0.026931,0.008977,0.026931,0.008977,0.026931,0.008977
95,2556.72,1.02653,0.42122,1.01376,0.01761,0.00017,0.88311,0.73898,0.81448,0.56404,1.1075,0.50561,1.04387,0,0,0.026898,0.008966,0.026898,0.008966,0.026898,0.008966,0.026898,0.008966
96,2582.95,1.0243,0.41992,1.01479,0.01748,0.00017,0.87823,0.72843,0.80834,0.55676,1.1327,0.52329,1.05124,0,0,0.026865,0.008955,0.026865,0.008955,0.026865,0.008955,0.026865,0.008955
97,2608.66,1.02622,0.42161,1.01592,0.01728,0.00016,0.87151,0.72733,0.80395,0.55769,1.11241,0.52027,1.04409,0,0,0.026832,0.008944,0.026832,0.008944,0.026832,0.008944,0.026832,0.008944
98,2634.14,1.02806,0.41977,1.01647,0.01721,0.00016,0.88328,0.71843,0.80335,0.55855,1.11028,0.51876,1.04168,0,0,0.026799,0.008933,0.026799,0.008933,0.026799,0.008933,0.026799,0.008933
99,2660.05,1.02101,0.4183,1.01364,0.01716,0.00016,0.8829,0.72316,0.80478,0.55695,1.1203,0.51536,1.04686,0,0,0.026766,0.008922,0.026766,0.008922,0.026766,0.008922,0.026766,0.008922
100,2685.83,1.0236,0.41968,1.01603,0.01711,0.00016,0.88989,0.72599,0.80782,0.55853,1.12333,0.51668,1.04821,0,0,0.026733,0.008911,0.026733,0.008911,0.026733,0.008911,0.026733,0.008911
101,2711.67,1.02633,0.41986,1.0159,0.01712,0.00016,0.88255,0.73736,0.8144,0.56518,1.10351,0.50424,1.0417,0,0,0.0267,0.0089,0.0267,0.0089,0.0267,0.0089,0.0267,0.0089
102,2737.34,1.01941,0.41682,1.01389,0.01711,0.00016,0.89057,0.72849,0.80988,0.56294,1.11216,0.51037,1.0461,0,0,0.026667,0.008889,0.026667,0.008889,0.026667,0.008889,0.026667,0.008889
103,2763.83,1.01933,0.41811,1.01313,0.01717,0.00016,0.88348,0.73121,0.8075,0.56068,1.11473,0.51127,1.04677,0,0,0.026634,0.008878,0.026634,0.008878,0.026634,0.008878,0.026634,0.008878
104,2789.69,1.01649,0.41739,1.01221,0.01718,0.00016,0.87942,0.72553,0.80166,0.55709,1.12056,0.52101,1.04891,0,0,0.026601,0.008867,0.026601,0.008867,0.026601,0.008867,0.026601,0.008867
105,2815.49,1.01884,0.41685,1.01221,0.01688,0.00016,0.89238,0.72082,0.80184,0.5573,1.11307,0.52048,1.04657,0,0,0.026568,0.008856,0.026568,0.008856,0.026568,0.008856,0.026568,0.008856
106,2841.07,1.01571,0.4159,1.01266,0.01679,0.00016,0.89025,0.72541,0.80585,0.55966,1.11521,0.51918,1.04632,0,0,0.026535,0.008845,0.026535,0.008845,0.026535,0.008845,0.026535,0.008845
107,2866.7,1.01412,0.41508,1.01178,0.01654,0.00015,0.88759,0.71944,0.80255,0.5589,1.11278,0.52209,1.04532,0,0,0.026502,0.008834,0.026502,0.008834,0.026502,0.008834,0.026502,0.008834
108,2892.39,1.01913,0.41605,1.01192,0.01674,0.00016,0.88087,0.72362,0.80291,0.55683,1.12041,0.52001,1.04745,0,0,0.026469,0.008823,0.026469,0.008823,0.026469,0.008823,0.026469,0.008823
109,2917.9,1.01121,0.41418,1.01007,0.01665,0.00015,0.88124,0.71709,0.79689,0.55396,1.11462,0.5254,1.04629,0,0,0.026436,0.008812,0.026436,0.008812,0.026436,0.008812,0.026436,0.008812
110,2943.51,1.01266,0.4154,1.01267,0.01699,0.00016,0.88892,0.71002,0.79458,0.55282,1.1129,0.52616,1.04517,0,0,0.026403,0.008801,0.026403,0.008801,0.026403,0.008801,0.026403,0.008801
111,2969.71,1.00977,0.41395,1.01183,0.01669,0.00015,0.89248,0.7059,0.79411,0.55196,1.11626,0.52874,1.04732,0,0,0.02637,0.00879,0.02637,0.00879,0.02637,0.00879,0.02637,0.00879
112,2994.99,1.00885,0.41289,1.00968,0.0165,0.00015,0.88421,0.71406,0.79463,0.55343,1.11089,0.52484,1.04722,0,0,0.026337,0.008779,0.026337,0.008779,0.026337,0.008779,0.026337,0.008779
113,3021.17,1.00952,0.41315,1.01171,0.01657,0.00015,0.8857,0.71448,0.79895,0.55557,1.11347,0.52353,1.04856,0,0,0.026304,0.008768,0.026304,0.008768,0.026304,0.008768,0.026304,0.008768
114,3046.95,1.01136,0.41399,1.00995,0.01665,0.00015,0.87811,0.71781,0.79777,0.55417,1.12047,0.52688,1.0494,0,0,0.026271,0.008757,0.026271,0.008757,0.026271,0.008757,0.026271,0.008757
115,3072.8,1.00699,0.41216,1.01011,0.01661,0.00015,0.88115,0.71419,0.79247,0.55274,1.11442,0.52388,1.04608,0,0,0.026238,0.008746,0.026238,0.008746,0.026238,0.008746,0.026238,0.008746
116,3098.46,1.00579,0.4116,1.00947,0.01663,0.00015,0.88144,0.71955,0.80044,0.55582,1.11495,0.5146,1.04625,0,0,0.026205,0.008735,0.026205,0.008735,0.026205,0.008735,0.026205,0.008735
117,3124.08,1.00376,0.41022,1.00959,0.01651,0.00015,0.88196,0.71381,0.79473,0.55173,1.12452,0.52177,1.0498,0,0,0.026172,0.008724,0.026172,0.008724,0.026172,0.008724,0.026172,0.008724
118,3149.65,0.99888,0.40971,1.00835,0.01644,0.00015,0.87051,0.71773,0.79201,0.5529,1.11485,0.5221,1.04719,0,0,0.026139,0.008713,0.026139,0.008713,0.026139,0.008713,0.026139,0.008713
119,3175.25,1.00942,0.41253,1.0092,0.01622,0.00015,0.87556,0.71815,0.79425,0.55464,1.11194,0.52277,1.04476,0,0,0.026106,0.008702,0.026106,0.008702,0.026106,0.008702,0.026106,0.008702
120,3201.08,1.00374,0.4098,1.00833,0.01635,0.00015,0.88378,0.71866,0.7975,0.55608,1.11494,0.52,1.04596,0,0,0.026073,0.008691,0.026073,0.008691,0.026073,0.008691,0.026073,0.008691
121,3227.54,0.99794,0.40764,1.00756,0.01616,0.00015,0.87928,0.71848,0.79636,0.55666,1.10572,0.51938,1.04274,0,0,0.02604,0.00868,0.02604,0.00868,0.02604,0.00868,0.02604,0.00868
122,3254,0.99739,0.40916,1.00803,0.01634,0.00015,0.88018,0.71122,0.79061,0.55269,1.10644,0.52908,1.04433,0,0,0.026007,0.008669,0.026007,0.008669,0.026007,0.008669,0.026007,0.008669
123,3279.96,0.99866,0.40969,1.01008,0.01629,0.00015,0.88321,0.71092,0.79184,0.55368,1.10943,0.52636,1.04505,0,0,0.025974,0.008658,0.025974,0.008658,0.025974,0.008658,0.025974,0.008658
124,3305.81,1.00092,0.40819,1.00663,0.01627,0.00015,0.8897,0.70214,0.78875,0.55019,1.11269,0.52817,1.04619,0,0,0.025941,0.008647,0.025941,0.008647,0.025941,0.008647,0.025941,0.008647
125,3332.45,1.00519,0.41068,1.00919,0.01631,0.00015,0.88807,0.7019,0.78926,0.55001,1.1156,0.52947,1.04671,0,0,0.025908,0.008636,0.025908,0.008636,0.025908,0.008636,0.025908,0.008636
126,3358.71,1.00103,0.40882,1.00714,0.01613,0.00015,0.8881,0.70335,0.7906,0.55087,1.11563,0.5291,1.04616,0,0,0.025875,0.008625,0.025875,0.008625,0.025875,0.008625,0.025875,0.008625
127,3384.87,0.99529,0.40685,1.00636,0.01622,0.00015,0.88235,0.71044,0.7928,0.55167,1.11941,0.52631,1.04691,0,0,0.025842,0.008614,0.025842,0.008614,0.025842,0.008614,0.025842,0.008614
128,3411.11,1.00762,0.41013,1.00643,0.01605,0.00015,0.88191,0.70871,0.79148,0.55029,1.12466,0.53051,1.04922,0,0,0.025809,0.008603,0.025809,0.008603,0.025809,0.008603,0.025809,0.008603
129,3437.31,0.99515,0.40765,1.00657,0.01613,0.00015,0.88286,0.71555,0.79758,0.55299,1.12521,0.52621,1.04912,0,0,0.025776,0.008592,0.025776,0.008592,0.025776,0.008592,0.025776,0.008592
130,3464,0.99392,0.40666,1.00601,0.01617,0.00014,0.88342,0.7146,0.79881,0.5541,1.12006,0.52536,1.04688,0,0,0.025743,0.008581,0.025743,0.008581,0.025743,0.008581,0.025743,0.008581
131,3490.54,0.99351,0.40616,1.00642,0.01609,0.00015,0.88102,0.71613,0.79782,0.55268,1.12579,0.52831,1.0491,0,0,0.02571,0.00857,0.02571,0.00857,0.02571,0.00857,0.02571,0.00857
132,3517.04,0.99635,0.40652,1.00529,0.01607,0.00014,0.88401,0.71272,0.79296,0.55289,1.11889,0.5302,1.04731,0,0,0.025677,0.008559,0.025677,0.008559,0.025677,0.008559,0.025677,0.008559
133,3543.55,0.9926,0.40599,1.00539,0.01596,0.00014,0.88497,0.71429,0.79547,0.55314,1.12427,0.53025,1.04921,0,0,0.025644,0.008548,0.025644,0.008548,0.025644,0.008548,0.025644,0.008548
134,3569.98,1.00038,0.40801,1.00633,0.01608,0.00014,0.87892,0.71773,0.79519,0.55386,1.12054,0.52968,1.04734,0,0,0.025611,0.008537,0.025611,0.008537,0.025611,0.008537,0.025611,0.008537
135,3596.67,0.99487,0.40597,1.00558,0.01598,0.00014,0.88252,0.71489,0.79857,0.55523,1.12279,0.52688,1.04831,0,0,0.025578,0.008526,0.025578,0.008526,0.025578,0.008526,0.025578,0.008526
136,3623.28,0.99285,0.4054,1.00516,0.01591,0.00014,0.88382,0.7137,0.79489,0.55476,1.11863,0.52692,1.04676,0,0,0.025545,0.008515,0.025545,0.008515,0.025545,0.008515,0.025545,0.008515
137,3649.88,0.99003,0.40439,1.00463,0.01579,0.00014,0.88355,0.71326,0.79759,0.55524,1.11635,0.52505,1.04578,0,0,0.025512,0.008504,0.025512,0.008504,0.025512,0.008504,0.025512,0.008504
138,3675.77,0.99022,0.40409,1.00467,0.01579,0.00014,0.87956,0.71054,0.79282,0.55384,1.11501,0.52718,1.04579,0,0,0.025479,0.008493,0.025479,0.008493,0.025479,0.008493,0.025479,0.008493
139,3702.1,0.99238,0.4051,1.00531,0.01566,0.00014,0.87988,0.70926,0.79196,0.55317,1.11739,0.52873,1.04716,0,0,0.025446,0.008482,0.025446,0.008482,0.025446,0.008482,0.025446,0.008482
140,3727.5,0.98784,0.40385,1.00336,0.01577,0.00014,0.87566,0.71178,0.7921,0.55364,1.11569,0.52916,1.04672,0,0,0.025413,0.008471,0.025413,0.008471,0.025413,0.008471,0.025413,0.008471
141,3752.65,0.99043,0.40411,1.00555,0.01584,0.00014,0.87699,0.70884,0.79188,0.553,1.11767,0.53031,1.0474,0,0,0.02538,0.00846,0.02538,0.00846,0.02538,0.00846,0.02538,0.00846
142,3777.38,0.98189,0.40131,1.00219,0.0158,0.00014,0.88267,0.70524,0.79133,0.55321,1.11498,0.53119,1.04696,0,0,0.025347,0.008449,0.025347,0.008449,0.025347,0.008449,0.025347,0.008449
143,3802.49,0.98667,0.4025,1.00235,0.01572,0.00014,0.87806,0.70683,0.79126,0.55183,1.11971,0.5327,1.04855,0,0,0.025314,0.008438,0.025314,0.008438,0.025314,0.008438,0.025314,0.008438
144,3827.75,0.99099,0.40414,1.00452,0.01562,0.00014,0.87199,0.71048,0.79177,0.55221,1.11934,0.53317,1.04855,0,0,0.025281,0.008427,0.025281,0.008427,0.025281,0.008427,0.025281,0.008427
145,3852.86,0.98822,0.4042,1.00333,0.01568,0.00014,0.87915,0.70982,0.79549,0.55281,1.1227,0.53137,1.04955,0,0,0.025248,0.008416,0.025248,0.008416,0.025248,0.008416,0.025248,0.008416
146,3878.93,0.98596,0.40294,1.00178,0.01559,0.00014,0.88503,0.70691,0.79601,0.55284,1.1235,0.53092,1.0497,0,0,0.025215,0.008405,0.025215,0.008405,0.025215,0.008405,0.025215,0.008405
147,3904.97,0.98908,0.4033,1.00305,0.01574,0.00014,0.87598,0.71277,0.79321,0.55166,1.12222,0.52962,1.04934,0,0,0.025182,0.008394,0.025182,0.008394,0.025182,0.008394,0.025182,0.008394
148,3930.75,0.98396,0.40068,1.00146,0.01555,0.00014,0.87974,0.71144,0.7925,0.55103,1.12351,0.52964,1.05027,0,0,0.025149,0.008383,0.025149,0.008383,0.025149,0.008383,0.025149,0.008383
149,3956.91,0.98068,0.40025,1.00316,0.01554,0.00014,0.87527,0.71149,0.79118,0.55054,1.12283,0.53141,1.0499,0,0,0.025116,0.008372,0.025116,0.008372,0.025116,0.008372,0.025116,0.008372
150,3982.52,0.98354,0.40071,1.00232,0.0155,0.00014,0.87563,0.7096,0.79028,0.55047,1.12148,0.53391,1.04962,0,0,0.025083,0.008361,0.025083,0.008361,0.025083,0.008361,0.025083,0.008361
151,4008.1,0.98429,0.40079,1.0032,0.01557,0.00014,0.88342,0.70738,0.79169,0.55169,1.1206,0.53183,1.04949,0,0,0.02505,0.00835,0.02505,0.00835,0.02505,0.00835,0.02505,0.00835
152,4033.77,0.98425,0.40117,1.00327,0.01562,0.00014,0.88025,0.70955,0.79206,0.5526,1.11777,0.53098,1.04819,0,0,0.025017,0.008339,0.025017,0.008339,0.025017,0.008339,0.025017,0.008339
153,4059.54,0.98257,0.40201,1.00218,0.01544,0.00014,0.8801,0.71175,0.79338,0.55348,1.11579,0.5296,1.04781,0,0,0.024984,0.008328,0.024984,0.008328,0.024984,0.008328,0.024984,0.008328
154,4085.29,0.98194,0.40067,1.00169,0.01533,0.00014,0.88291,0.71186,0.79367,0.55391,1.11466,0.52853,1.04762,0,0,0.024951,0.008317,0.024951,0.008317,0.024951,0.008317,0.024951,0.008317
155,4111.99,0.98463,0.40076,1.00391,0.01543,0.00014,0.88499,0.71204,0.79441,0.55435,1.11593,0.52637,1.04825,0,0,0.024918,0.008306,0.024918,0.008306,0.024918,0.008306,0.024918,0.008306
156,4140.43,0.9767,0.39865,1.00011,0.01534,0.00013,0.88063,0.71393,0.79473,0.55456,1.11493,0.52522,1.04795,0,0,0.024885,0.008295,0.024885,0.008295,0.024885,0.008295,0.024885,0.008295
157,4166.94,0.98051,0.39905,1.00208,0.01539,0.00014,0.88065,0.71483,0.79488,0.55414,1.11571,0.52464,1.04779,0,0,0.024852,0.008284,0.024852,0.008284,0.024852,0.008284,0.024852,0.008284
158,4193.27,0.9785,0.39841,0.99877,0.01525,0.00014,0.87906,0.71425,0.79454,0.55444,1.1156,0.52533,1.04774,0,0,0.024819,0.008273,0.024819,0.008273,0.024819,0.008273,0.024819,0.008273
159,4219.21,0.98424,0.40012,1.00085,0.01538,0.00014,0.88009,0.71381,0.7944,0.55429,1.11559,0.52604,1.04758,0,0,0.024786,0.008262,0.024786,0.008262,0.024786,0.008262,0.024786,0.008262
160,4245.15,0.97805,0.39823,1.00077,0.01543,0.00014,0.88509,0.71112,0.79429,0.55368,1.11592,0.52544,1.04742,0,0,0.024753,0.008251,0.024753,0.008251,0.024753,0.008251,0.024753,0.008251
161,4271.51,0.97537,0.39836,0.99995,0.01527,0.00013,0.88784,0.70923,0.79438,0.55384,1.11636,0.52603,1.04727,0,0,0.02472,0.00824,0.02472,0.00824,0.02472,0.00824,0.02472,0.00824
162,4297.1,0.97466,0.39809,1.00101,0.01504,0.00013,0.89135,0.70647,0.79413,0.55347,1.11654,0.52666,1.04706,0,0,0.024687,0.008229,0.024687,0.008229,0.024687,0.008229,0.024687,0.008229
163,4323,0.97791,0.39855,1.00191,0.01543,0.00014,0.88754,0.71013,0.79447,0.55351,1.11701,0.52582,1.04724,0,0,0.024654,0.008218,0.024654,0.008218,0.024654,0.008218,0.024654,0.008218
164,4348.92,0.97629,0.39699,1.00062,0.01518,0.00013,0.88524,0.71251,0.79453,0.55342,1.11696,0.5265,1.04687,0,0,0.024621,0.008207,0.024621,0.008207,0.024621,0.008207,0.024621,0.008207
165,4374.77,0.97291,0.39601,0.99998,0.01518,0.00013,0.88775,0.71269,0.79518,0.55332,1.1178,0.52584,1.04731,0,0,0.024588,0.008196,0.024588,0.008196,0.024588,0.008196,0.024588,0.008196
166,4400.52,0.98051,0.39891,1.00077,0.01506,0.00013,0.88844,0.71145,0.79443,0.55278,1.11835,0.52659,1.04778,0,0,0.024555,0.008185,0.024555,0.008185,0.024555,0.008185,0.024555,0.008185
167,4426.29,0.97185,0.39599,0.99914,0.01509,0.00013,0.88855,0.71161,0.79491,0.55343,1.11744,0.52501,1.04742,0,0,0.024522,0.008174,0.024522,0.008174,0.024522,0.008174,0.024522,0.008174
168,4452.1,0.97464,0.39733,1.00029,0.01522,0.00013,0.88978,0.71138,0.7953,0.55415,1.11647,0.52375,1.04727,0,0,0.024489,0.008163,0.024489,0.008163,0.024489,0.008163,0.024489,0.008163
169,4477.78,0.97525,0.39705,0.99938,0.01521,0.00013,0.88891,0.7139,0.79606,0.55495,1.11643,0.52308,1.04746,0,0,0.024456,0.008152,0.024456,0.008152,0.024456,0.008152,0.024456,0.008152
170,4503.22,0.97715,0.39777,1.00044,0.01507,0.00013,0.89035,0.71265,0.79585,0.55456,1.11707,0.5235,1.04743,0,0,0.024423,0.008141,0.024423,0.008141,0.024423,0.008141,0.024423,0.008141
171,4528.9,0.97137,0.39566,0.99883,0.01515,0.00013,0.88919,0.71338,0.79607,0.5546,1.11688,0.52308,1.04731,0,0,0.02439,0.00813,0.02439,0.00813,0.02439,0.00813,0.02439,0.00813
172,4555.01,0.97245,0.39518,0.99789,0.01497,0.00013,0.88679,0.7148,0.79828,0.55438,1.11734,0.52281,1.04754,0,0,0.024357,0.008119,0.024357,0.008119,0.024357,0.008119,0.024357,0.008119
173,4580.74,0.96841,0.3949,0.99954,0.01522,0.00013,0.88502,0.71573,0.79836,0.55447,1.11678,0.52251,1.04721,0,0,0.024324,0.008108,0.024324,0.008108,0.024324,0.008108,0.024324,0.008108
174,4606.43,0.97338,0.39709,1.00071,0.01508,0.00013,0.88707,0.71431,0.7959,0.55434,1.11662,0.52255,1.0474,0,0,0.024291,0.008097,0.024291,0.008097,0.024291,0.008097,0.024291,0.008097
175,4632.26,0.97137,0.39555,0.99922,0.01502,0.00013,0.88548,0.71449,0.79785,0.55441,1.11712,0.52256,1.04764,0,0,0.024258,0.008086,0.024258,0.008086,0.024258,0.008086,0.024258,0.008086
176,4657.7,0.96923,0.39553,0.99971,0.01505,0.00013,0.88623,0.71373,0.79538,0.55395,1.1169,0.52296,1.04764,0,0,0.024225,0.008075,0.024225,0.008075,0.024225,0.008075,0.024225,0.008075
177,4683.7,0.97121,0.39557,0.99901,0.01503,0.00013,0.88806,0.71265,0.79525,0.55403,1.11683,0.52294,1.04763,0,0,0.024192,0.008064,0.024192,0.008064,0.024192,0.008064,0.024192,0.008064
178,4709.27,0.96699,0.39377,0.99777,0.01489,0.00013,0.88956,0.7121,0.79768,0.55417,1.1172,0.5222,1.04775,0,0,0.024159,0.008053,0.024159,0.008053,0.024159,0.008053,0.024159,0.008053
179,4735.33,0.97179,0.39613,0.99866,0.01514,0.00013,0.88874,0.71315,0.798,0.5544,1.1167,0.52183,1.04747,0,0,0.024126,0.008042,0.024126,0.008042,0.024126,0.008042,0.024126,0.008042
180,4761.06,0.96783,0.3936,0.99804,0.01491,0.00013,0.88762,0.71314,0.79741,0.55378,1.11754,0.52201,1.04762,0,0,0.024093,0.008031,0.024093,0.008031,0.024093,0.008031,0.024093,0.008031
181,4787.03,0.96588,0.39306,0.99691,0.01499,0.00013,0.88634,0.71454,0.79746,0.55382,1.11683,0.52137,1.04727,0,0,0.02406,0.00802,0.02406,0.00802,0.02406,0.00802,0.02406,0.00802
182,4812.97,0.97156,0.39507,0.99823,0.01492,0.00013,0.88709,0.71393,0.79755,0.5542,1.11637,0.52128,1.04723,0,0,0.024027,0.008009,0.024027,0.008009,0.024027,0.008009,0.024027,0.008009
183,4838.78,0.97023,0.39426,0.99836,0.01489,0.00013,0.88925,0.71428,0.79787,0.5542,1.1157,0.52015,1.04708,0,0,0.023994,0.007998,0.023994,0.007998,0.023994,0.007998,0.023994,0.007998
184,4864.9,0.96623,0.39366,0.9975,0.01482,0.00013,0.89064,0.71361,0.79815,0.55455,1.11457,0.5194,1.04659,0,0,0.023961,0.007987,0.023961,0.007987,0.023961,0.007987,0.023961,0.007987
185,4889.92,0.96784,0.39377,0.99881,0.01488,0.00013,0.88828,0.71448,0.79836,0.55485,1.11431,0.51947,1.04635,0,0,0.023928,0.007976,0.023928,0.007976,0.023928,0.007976,0.023928,0.007976
186,4914.8,0.96845,0.39322,0.9977,0.01485,0.00013,0.88873,0.71422,0.79872,0.55486,1.11492,0.51893,1.04664,0,0,0.023895,0.007965,0.023895,0.007965,0.023895,0.007965,0.023895,0.007965
187,4939.68,0.96681,0.39373,0.99987,0.01477,0.00013,0.88686,0.7155,0.7987,0.55428,1.11626,0.5194,1.04718,0,0,0.023862,0.007954,0.023862,0.007954,0.023862,0.007954,0.023862,0.007954
188,4964.51,0.95783,0.39005,0.9961,0.0147,0.00013,0.88724,0.71596,0.79911,0.55479,1.11561,0.51904,1.04692,0,0,0.023829,0.007943,0.023829,0.007943,0.023829,0.007943,0.023829,0.007943
189,4989.29,0.96775,0.39276,0.99645,0.01482,0.00013,0.88359,0.71642,0.79874,0.55496,1.1157,0.51923,1.04694,0,0,0.023796,0.007932,0.023796,0.007932,0.023796,0.007932,0.023796,0.007932
190,5014.4,0.96248,0.39084,0.99519,0.0148,0.00013,0.88382,0.71668,0.79918,0.55457,1.11661,0.51875,1.04732,0,0,0.023763,0.007921,0.023763,0.007921,0.023763,0.007921,0.023763,0.007921
191,5039.31,0.96271,0.39082,0.99542,0.01466,0.00013,0.88327,0.71703,0.79926,0.55448,1.11723,0.51929,1.04752,0,0,0.02373,0.00791,0.02373,0.00791,0.02373,0.00791,0.02373,0.00791
192,5064.13,0.96093,0.39171,0.99571,0.01483,0.00013,0.8827,0.71613,0.79909,0.55428,1.11786,0.51993,1.04786,0,0,0.023697,0.007899,0.023697,0.007899,0.023697,0.007899,0.023697,0.007899
193,5088.93,0.96129,0.39161,0.99698,0.01461,0.00013,0.88341,0.71582,0.79896,0.55456,1.11707,0.51972,1.04762,0,0,0.023664,0.007888,0.023664,0.007888,0.023664,0.007888,0.023664,0.007888
194,5113.64,0.96499,0.39257,0.99699,0.01473,0.00013,0.887,0.71376,0.79879,0.55423,1.11725,0.52032,1.04754,0,0,0.023631,0.007877,0.023631,0.007877,0.023631,0.007877,0.023631,0.007877
195,5138.36,0.96112,0.39082,0.99584,0.01479,0.00013,0.88608,0.71445,0.79902,0.55469,1.11709,0.52012,1.04743,0,0,0.023598,0.007866,0.023598,0.007866,0.023598,0.007866,0.023598,0.007866
196,5163.14,0.96393,0.39189,0.99504,0.01463,0.00012,0.88509,0.71515,0.79909,0.55461,1.11652,0.51991,1.04736,0,0,0.023565,0.007855,0.023565,0.007855,0.023565,0.007855,0.023565,0.007855
197,5188.3,0.96488,0.39263,0.99736,0.01481,0.00013,0.88467,0.71561,0.79909,0.55477,1.11677,0.52021,1.04748,0,0,0.023532,0.007844,0.023532,0.007844,0.023532,0.007844,0.023532,0.007844
198,5212.84,0.95913,0.39074,0.99711,0.01455,0.00013,0.8841,0.71538,0.79901,0.55483,1.11666,0.52067,1.0474,0,0,0.023499,0.007833,0.023499,0.007833,0.023499,0.007833,0.023499,0.007833
199,5237.5,0.96183,0.39063,0.99632,0.01472,0.00013,0.88337,0.71538,0.79886,0.55434,1.11751,0.5209,1.04771,0,0,0.023466,0.007822,0.023466,0.007822,0.023466,0.007822,0.023466,0.007822
200,5262.35,0.96499,0.39143,0.99675,0.01459,0.00013,0.88225,0.71613,0.79888,0.55464,1.11723,0.52123,1.04753,0,0,0.023433,0.007811,0.023433,0.007811,0.023433,0.007811,0.023433,0.007811
201,5287.23,0.96269,0.39027,0.99693,0.01445,0.00013,0.88281,0.71547,0.79862,0.55474,1.11641,0.5214,1.04727,0,0,0.0234,0.0078,0.0234,0.0078,0.0234,0.0078,0.0234,0.0078
